{"mean_acc_val":0.7566037735849058,"_runtime":2043.530470824,"summary":{"nrows":7,"_type":"table-file","sha256":"4f966303c5d632652e7385bcb9ea22732a67c60fd8fafc66a18e69079a91e516","size":684,"artifact_path":"wandb-client-artifact://0ikss7468476hg1jm9vczji0mp0hq5iiqvw5djsmnoxkh3ri0yt1db8y0wo4b4fammiadfut3m16nh5e0i8r584z6195h4uws0enqzabp20gj4uohcyo1ruggq3ahs78/summary.table.json","_latest_artifact_path":"wandb-client-artifact://eu3tkcgoumz7093v29gxcrxwjsqj11yt871yq04ne4y8vjsq8t8u3wejvpd5pp2f7t39gs0xi5eobosalugnwx8vb73telkvx3bvsqnckz2qq3z6lpgfl0p4pjylqwor:latest/summary.table.json","path":"media/table/summary_1_4f966303c5d632652e73.table.json","ncols":5},"mean_acc_test":0.730188679245283,"mean_auc_test":0.7033972267198342,"std_auc_test":0.06485157192772076,"_timestamp":1.7395315495654857e+09,"_wandb":{"runtime":2043},"std_auc_val":0.06210395896756713,"mean_auc_val":0.7686778911062149,"_step":2}