{"_timestamp":1.7395461933511631e+09,"summary":{"ncols":5,"nrows":7,"_type":"table-file","sha256":"c50199f785ed8f06001fb2912b193eec4976436926c0ffc063b9d8863e03b797","size":695,"artifact_path":"wandb-client-artifact://klgfeurrlco21kt1pldaf7mn3sbfp5bux0tba8bqhefp2h5yzl7lfxgdf7d9xqtxp1qj21z8z5tltwzk0j4s0ptr0a11vzzuz17nym3lxwpit2h6an8tcph2jhezvop8/summary.table.json","_latest_artifact_path":"wandb-client-artifact://ksnixst7gvrh2ncstbjp1c0v15xbl8zyro6vd82v72icpmyh448pnfxkfcajwq3jm7htngg7dxwgsjr566yh41vmqdxzec9a67jxh6l5q0oewxmdtgih6n0nv6ozj8m9:latest/summary.table.json","path":"media/table/summary_1_c50199f785ed8f06001f.table.json"},"_runtime":7972.491256981,"std_auc_test":0.03402831624473319,"mean_acc_test":0.8410228802669601,"_wandb":{"runtime":7972},"_step":2,"mean_acc_val":0.8707897493562461,"mean_auc_val":0.9016433083911268,"std_auc_val":0.07289681166340953,"mean_auc_test":0.8682549872739601}