{"std_auc_val":0.07178492255931342,"_step":2,"std_auc_test":0.07214202690233162,"_runtime":8128.307666577,"mean_acc_val":0.854090563460213,"mean_auc_test":0.7553244248754095,"mean_auc_val":0.8257738427385292,"_timestamp":1.7397095541350029e+09,"summary":{"path":"media/table/summary_1_19419d6b651092f733d1.table.json","ncols":5,"nrows":7,"_type":"table-file","sha256":"19419d6b651092f733d1ca922556f8455d4ca0358233a8abb9e6171a14bab184","size":680,"artifact_path":"wandb-client-artifact://y9fw3etfc5auz0r7ic9o6m6lluswol9khbc3cwt5hs6gkggs0t89txr5un8hd7gap9i2ba4df4hoj3vuf9lgls2e5qd8sdrld5bgd0r2ehbionww98ql5bzzjefwx3ji/summary.table.json","_latest_artifact_path":"wandb-client-artifact://w51dk66hewda3u1qq2ifzbxbu5cl7pu8tu37xtlortcls79j218f0xdwug5dbfequr93w13obfqo69w4ckh9dundx4hhtr9cfk7vl1tvoc302tnn5gyo8n3uove4bypp:latest/summary.table.json"},"_wandb":{"runtime":8128},"mean_acc_test":0.8460218553125886}