{"mean_acc_test":0.8229479658795371,"mean_auc_test":0.759710223522102,"_timestamp":1.7395445879212232e+09,"_runtime":6349.233656845,"std_auc_test":0.040939451612927356,"std_auc_val":0.07025772446169698,"_step":2,"summary":{"artifact_path":"wandb-client-artifact://soymwr7q8kbqmikuj7dewtm56c1r3ac6072odzvsc3keagk5lrwsxcwvdx8rzj39hm42zxojid5k94t6qbuk7c21zb6pmqm7r8e279i3hjxgapjvlpk85islkijammy9/summary.table.json","_latest_artifact_path":"wandb-client-artifact://vkaipov1hkis82leyau98ldfs2owxlzuzbix6ehlxzukmeuu0thqofg6f6ry2vh0dp8gdttsutunmdxqzb8n92zspzpr2zhwfglqwb4m3d9vjfld92h0smel0ujnmivg:latest/summary.table.json","path":"media/table/summary_1_f7b7e932253e19a31cdd.table.json","ncols":5,"nrows":7,"_type":"table-file","sha256":"f7b7e932253e19a31cdd286744a7e26f486f86564cfc4c4be30540b4ae3294ff","size":665},"mean_acc_val":0.8479628524076898,"mean_auc_val":0.8108955516624816,"_wandb":{"runtime":6349}}