{"std_auc_val":0.05316132753131278,"mean_auc_test":0.8984808800419068,"std_auc_test":0.023808262177706378,"_wandb":{"runtime":3856},"_step":2,"mean_auc_val":0.8948140387637509,"mean_acc_val":0.8584905660377359,"mean_acc_test":0.8320754716981134,"_timestamp":1.7395353922300835e+09,"summary":{"ncols":5,"nrows":7,"_type":"table-file","sha256":"2e94f6d4db01ddb774035de03b3de6f75166f6d4b10aeccdfc3c6898962427ce","size":697,"artifact_path":"wandb-client-artifact://55jtrqxjd1tl3u5rh9iqhwqcw2gd8o504rv4kqxx4aag7qpqqmztm9bmbiupbnvkgr60nx99ps3cop6tbgyx6m3h68i3djq4cszgx7g10t23tc8ndxxelf6nzqpjq1tw/summary.table.json","_latest_artifact_path":"wandb-client-artifact://xomh21paizagdhvkxah6b1ay00muk9vssbpv1qrogcp9uxus5rke0k4cuxf81khpw486en98sybuadzoleedn96buk2111y071zrzt6vuh2tjh8hrr1w25mouyfx4k56:latest/summary.table.json","path":"media/table/summary_1_2e94f6d4db01ddb77403.table.json"},"_runtime":3856.973968449}