{"_runtime":1991.594987664,"mean_acc_test":0.6886792452830189,"std_auc_test":0.07005155583479186,"std_auc_val":0.029434307142776634,"_timestamp":1.7395314101449034e+09,"_step":2,"mean_auc_val":0.7861693351952448,"mean_auc_test":0.6999057239194227,"mean_acc_val":0.7245283018867925,"_wandb":{"runtime":1991},"summary":{"_type":"table-file","sha256":"dfad07a0ddf6768d30dc46d8597a489f73b0303ddc5b1c184c7b04dfffc9ac6d","size":696,"artifact_path":"wandb-client-artifact://tsa3yxgpq3tfg7relcr2vvr22z5o655jyircp927prt4cqucss8is58aw4tbop9iagynpp64t2d2hoquavqs7guaj92ks4tbzt3b80phcqpdjgf2z4obd35k9hvgkui2/summary.table.json","_latest_artifact_path":"wandb-client-artifact://bu91cib6k441g3nlc3c4c49pjhhrpuec6s0uoepmz7a0iumbw1ldu110n1p5rtmf0utayu7vjhpwqc2zwdgru4xlztue6sgyl53aa224tgrvcqtv77howk2eysramje8:latest/summary.table.json","path":"media/table/summary_1_dfad07a0ddf6768d30dc.table.json","ncols":5,"nrows":7}}