{"mean_auc_test":0.6562968119057914,"std_auc_test":0.05882190874662926,"mean_acc_val":0.7452830188679245,"_step":2,"_timestamp":1.7395316097731028e+09,"mean_acc_test":0.6622641509433962,"summary":{"_type":"table-file","sha256":"0a00014537df7e26035818ca61adf4ff29512ce0f317e4f2f8c081577f553092","size":695,"artifact_path":"wandb-client-artifact://xfrf6xggac58yt3fhbuw99v3nv7d1ehdhvfzpc3bwnjc3ed5mg730dyt8ixdztri3sccq2u97hel7eju75j74fj5l00na40m5qpfx730nvjgkyls0fu0b1spalofeled/summary.table.json","_latest_artifact_path":"wandb-client-artifact://nyetttxlc3g2ffsyf5ja4y6xgq7j7vigdyekkrkvuks9dnrhdh09wxf1nqgzun8f84mrzazjjpji7fxx2k2ucg8hlcwvzgxz1gngewvc1t2xlxcpg7d0v1f9wtqqzhjq:latest/summary.table.json","path":"media/table/summary_1_0a00014537df7e260358.table.json","ncols":5,"nrows":7},"_wandb":{"runtime":2103},"_runtime":2103.580485619,"mean_auc_val":0.7609757532764653,"std_auc_val":0.0804747972084431}