{"_wandb":{"runtime":3447},"_step":2,"mean_auc_val":0.785744721959127,"std_auc_val":0.04118240376075576,"summary":{"sha256":"a53fe50439f215681bef5ccc54b534b25feb18cebf2cdd166e800d024634f17d","size":678,"artifact_path":"wandb-client-artifact://5t674047q4xjuyx3nizi9syccdzge3wfq2eftf4cswugzqa4p4cunv701wxt0yfqwmg77dsvjky34x1el8yw4yj0un6bpu4zvcw5c3q646xatjxvotse7nwcy7obq5q2/summary.table.json","_latest_artifact_path":"wandb-client-artifact://yxqtbexyhjg0ufolyjxsu7yq6r83ch4au0zjeycjjsywqzsr7g3582f857ayysw6eyomko10sqzm9kgjkrum9n5f1iy6peelij9ivbqacmtxhgn9u0kcf8y9ngxvb0q3:latest/summary.table.json","path":"media/table/summary_1_a53fe50439f215681bef.table.json","ncols":5,"nrows":7,"_type":"table-file"},"mean_acc_test":0.8,"mean_auc_test":0.8108004157440704,"mean_acc_val":0.7773584905660377,"_runtime":3447.182650101,"std_auc_test":0.05198834801731456,"_timestamp":1.7395283301358256e+09}