{"_timestamp":1.7395445404074316e+09,"_step":2,"_runtime":6341.612613224,"mean_acc_val":0.8430138340096093,"_wandb":{"runtime":6341},"mean_auc_val":0.9055476631681879,"summary":{"size":691,"artifact_path":"wandb-client-artifact://t8gahxpbauijlqkht1naucselu1s6cap7dy0p2kbnf52ns554pbfof0zqvsb3qqsxsvnnqv7oebwbqznw9i3e8tpmmakhuzmzmggj5q60bnvsyvtf887ojaoywtv9lzr/summary.table.json","_latest_artifact_path":"wandb-client-artifact://7swzpjbk3rju3jvd8uuwxfzewpyjdkooup0m961nygqnwel06h5wqitvohlbb7cyyj8pv4c94u69o5oae6ii0d9rd7ulcezyd2o29wsz80tamrhwulhk31j76kq0xub8:latest/summary.table.json","path":"media/table/summary_1_2531ba356645753c361f.table.json","ncols":5,"nrows":7,"_type":"table-file","sha256":"2531ba356645753c361fa0b32aaa29368f629bde1dfc97d3c1c7cc8b3ef196f0"},"mean_acc_test":0.8125321555361593,"std_auc_val":0.02807655059400779,"std_auc_test":0.05559910564380954,"mean_auc_test":0.862082069699446}