{"_step":2,"std_auc_test":0.018651588584691202,"mean_auc_val":0.8097532427012475,"_timestamp":1.7395338706109996e+09,"mean_acc_val":0.779245283018868,"mean_auc_test":0.8174077847121757,"_runtime":2300.375623286,"summary":{"ncols":5,"nrows":7,"_type":"table-file","sha256":"f9d44673abab3e85ef5d883189c15c459420ef04f307ab110df021dc2ed726c4","size":699,"artifact_path":"wandb-client-artifact://omwqsd06zr6tipyfd3ihm812qrs57yab7r1ar99uhvh4ymex02qrrt5lugvi5w7ti0u29ky28oloeubhpmegcg95q46cfcgex88to12qwv2abn3shlmlpwjhzta7h0yn/summary.table.json","_latest_artifact_path":"wandb-client-artifact://dm9y7px5nos8lb1fkanenufnkqw9imle4uxdobgv3owtkgqqfchpdpnv891ae89worintdyd0nybtre38zqe8aosdavs2kfqtx13a5025lwybcvwt0dlrtcf74nidkcp:latest/summary.table.json","path":"media/table/summary_1_f9d44673abab3e85ef5d.table.json"},"std_auc_val":0.053095716577670475,"_wandb":{"runtime":2300},"mean_acc_test":0.7849056603773585}