{"std_auc_test":0.04425690935473127,"mean_auc_val":0.7770587471134001,"summary":{"sha256":"25d68688ecfeeb9846cfeaa08dfb37b0a00c9e375e3f316a72c3e47f2a197797","size":694,"artifact_path":"wandb-client-artifact://etn2tgzuzctmqg76u7kidss2dv80bx3aqkrzjujb960syviu7mg691w5nkfo7httbimyr9vbxewxhm5g828kl5yn123xb1aoxf3a3m2apylhed2s793n60lam56cn15x/summary.table.json","_latest_artifact_path":"wandb-client-artifact://dxpolbt6jejw7z8o1f63kt9vlbkaso6aew97bqcz7lobgxc725deyjm9ks2kkyceqs7muq22y9m4fjskhqa9zfgham7nke5o4msmurg88enz7rav926bv2pjo3rw90hc:latest/summary.table.json","path":"media/table/summary_1_25d68688ecfeeb9846cf.table.json","ncols":5,"nrows":7,"_type":"table-file"},"_runtime":2560.956411148,"_step":2,"mean_auc_test":0.7098382661377018,"_wandb":{"runtime":2560},"mean_acc_test":0.7245283018867925,"_timestamp":1.7395319794357243e+09,"std_auc_val":0.039210560020840016,"mean_acc_val":0.7528301886792452}