{"_wandb":{"runtime":2464},"_timestamp":1.7395273476454232e+09,"mean_auc_val":0.8175132542779646,"_step":2,"_runtime":2464.673543897,"mean_acc_val":0.7962264150943397,"mean_auc_test":0.8214951384021196,"summary":{"artifact_path":"wandb-client-artifact://gp24a3tz1hvw3cot9asxbkjchpy45qwydtg751bf76eswbee4p9bz562ud18nlfsnu5403sz6spw6dza1ccwrii8bzknl0z6yzliy13trrafpa044ip3e6n7rdgzyknh/summary.table.json","_latest_artifact_path":"wandb-client-artifact://6nhqxpmbi8x8zfziob9z0chqvndbvie77i2bh3kttd92ccskrdk39h48fsut2mw8x2qgtdqqfc6fhxje1vt2lmsazkqm3w23lek88gxq3jc7pzynxfxgq7454fsugesq:latest/summary.table.json","path":"media/table/summary_1_0d87ec3e90a9e9d2513e.table.json","ncols":5,"nrows":7,"_type":"table-file","sha256":"0d87ec3e90a9e9d2513e1f1a7145ee56fc0d481c86d1d966c8169ab60980e6bb","size":696},"std_auc_test":0.028644372251717277,"std_auc_val":0.031169589480170574,"mean_acc_test":0.7849056603773585}