{"_wandb":{"runtime":2236},"mean_acc_test":0.8566037735849058,"std_auc_test":0.05143670390293515,"_timestamp":1.739527036960796e+09,"_step":2,"mean_auc_test":0.8917757988475643,"mean_auc_val":0.8927187008905184,"summary":{"nrows":7,"_type":"table-file","sha256":"0bc3e8d48c79b686f7cb9b3b33d86826a2fb8f737c2eae8007acd58fde276a16","size":693,"artifact_path":"wandb-client-artifact://hyuusnf2oy7ry3z6jhiumvt96pqsmrbcmq7gaz4auo27mu0wo58wngoyg2afurm4pmsne1nmnv4mycw68mo1266yuk4gugyttriyqudnjdygfrcgu5f0zh2k0ilrioqe/summary.table.json","_latest_artifact_path":"wandb-client-artifact://xrz41l8sf7poqqoke1tfxzikevmllsrn702i4vh4crs562c4hwiasws581nrh8wfuovb1gbrhe938ziohikz76n3v611hpw8bhg07ih30r3di7n5bsz0bjof2b4fbiq3:latest/summary.table.json","path":"media/table/summary_1_0bc3e8d48c79b686f7cb.table.json","ncols":5},"std_auc_val":0.02386869444899265,"_runtime":2236.615735628,"mean_acc_val":0.8471698113207546}