{"_step":2,"std_auc_test":0.05265914507899178,"std_auc_val":0.03297490111093917,"_runtime":6333.741726335,"_timestamp":1.7395358096062644e+09,"mean_acc_test":0.7132075471698114,"mean_auc_test":0.6837674021445179,"mean_acc_val":0.7566037735849057,"_wandb":{"runtime":6333},"mean_auc_val":0.750678966323807,"summary":{"_type":"table-file","sha256":"6815ae033266a8f71c90b9fff0095603cdf9c1676746732ad1c22df5d4228933","size":695,"artifact_path":"wandb-client-artifact://qn0hbaanpqk6cntgsa9garqkkqfai9jilr4ecqac5p32ufwsiyhhsg7y2m0jkkhlwlrtwdud7furdbhc9vn84s9atxgc87c1c8cn43qrj94syj5tdchfpu5n63lfs0lv/summary.table.json","_latest_artifact_path":"wandb-client-artifact://k422gk069clc8aa2e9zhq379v2wuqk0br0y7p997nid64nevpv9fxnnyl4ibovknirgn2loiln2b58yzrmhyd9a3bpgtdti40ux17g6zc62cs89eh3d4eok6ii70r3dv:latest/summary.table.json","path":"media/table/summary_1_6815ae033266a8f71c90.table.json","ncols":5,"nrows":7}}