{"_runtime":9594.452806057,"_wandb":{"runtime":9594},"mean_auc_val":0.864372219548762,"mean_auc_test":0.838647405081607,"std_auc_test":0.05626362359410465,"mean_acc_test":0.7599622721488739,"mean_acc_val":0.8160284105746772,"std_auc_val":0.040931099718605604,"_timestamp":1.7395477930832117e+09,"summary":{"path":"media/table/summary_1_807be80642ed575ce3df.table.json","ncols":5,"nrows":7,"_type":"table-file","sha256":"807be80642ed575ce3dffc5e32632a52ba499fe116da8437444884bdbe4ee30e","size":694,"artifact_path":"wandb-client-artifact://brqtdsblfky82wwfpbeup6inu0t4wdm314gglh2vlezgpe41onufk73brbz4fnd5hckqalmxev1sdl4up15nqfbgyeoqx9poyap4lqbxbmbhdzv2r7de8glxwl9q5nlq/summary.table.json","_latest_artifact_path":"wandb-client-artifact://5tqhcsp38a6v1daff6zpr8ldb3dwzgr1fhhq5ltibvtfh6y6y6gcmygrf57w4l37qh2r5ksu5pb5j5wz0n00727t980qjmfz26ucak6voeufxquzsu0pu9lp7kcnf06p:latest/summary.table.json"},"_step":2}