{"summary":{"size":695,"artifact_path":"wandb-client-artifact://srxsyauphgriae3qrdubq14pmws08ldtcmwphacy38a44rlcc0mmgseri9cbgm2e7hiqn26cyirwq1jxa53fy37tu01upmnbf45tf23utz2jf827zdg4yuizqp92ktk1/summary.table.json","_latest_artifact_path":"wandb-client-artifact://lg6wd7uwtpti45h6cevutuf89khg6u3lzaiszr1ewr6bz25ttvngttwh1q48ou33sh1fm3h7ain79x3gnv2u42x6xnsgt0aj85wym7aq8khdshq03pe80v0k31za73p6:latest/summary.table.json","path":"media/table/summary_1_9253448ccc168a885b9c.table.json","ncols":5,"nrows":7,"_type":"table-file","sha256":"9253448ccc168a885b9ca5d80cc486e7a6ddf37910edb9f4923bb0c8a0006901"},"_step":2,"mean_auc_test":0.7033028894592571,"std_auc_val":0.03034924307052032,"_wandb":{"runtime":2166},"std_auc_test":0.07652821522039062,"_runtime":2166.400443734,"mean_acc_test":0.7037735849056604,"mean_auc_val":0.7835182171807102,"_timestamp":1.739531672481025e+09,"mean_acc_val":0.730188679245283}