{"_wandb":{"runtime":5276},"_step":2,"_timestamp":1.7395368116270537e+09,"mean_acc_test":0.820754716981132,"std_auc_test":0.03440280627316469,"mean_auc_val":0.8525929806181247,"_runtime":5276.36157424,"mean_auc_test":0.8547930853850184,"std_auc_val":0.0406395628552863,"mean_acc_val":0.8150943396226417,"summary":{"ncols":5,"nrows":7,"_type":"table-file","sha256":"197e766ddf38fa2eca323cf4d04586ab42e8f4817f3f231e2616b3c2085daac3","size":694,"artifact_path":"wandb-client-artifact://zwr3buhmstvdojj9pta7qdn6foenfs05qccxmehkdhsfj5l5z3h8m8l8ws2xxc2c8zjeva9y9v7rkbw9d7du4z5ov7ajzmlksic2oyi40x9abw6iobwc3aefnbw865sz/summary.table.json","_latest_artifact_path":"wandb-client-artifact://9vu5ep16yyqi9c3ljsgai628e1n4a06rwol349iresx9mt9r8nba9a6y2ak1lxgowyyyq0b6tbt3zs4kut3c3e7p4j769bswbww7p20lntdse8yqwixq2la2tq3h6vmb:latest/summary.table.json","path":"media/table/summary_1_197e766ddf38fa2eca32.table.json"}}