{"mean_acc_val":0.8644545430644032,"_step":2,"std_auc_test":0.01797310646827755,"summary":{"path":"media/table/summary_1_5aa6026dde7355f24185.table.json","ncols":5,"nrows":7,"_type":"table-file","sha256":"5aa6026dde7355f24185194050acb2c76ed06637507b7de7d546f13ed4a5bdf3","size":694,"artifact_path":"wandb-client-artifact://vgfo3956z420hzl4pfooainyozrw7jklhcd8ovubh7pydjkxhffd9qeo5bu3mupvfec6ki9ot5jxh2sm1pwjch9b1br185n45wz2984xidi66mb3ezsyqh281wvt9e71/summary.table.json","_latest_artifact_path":"wandb-client-artifact://nn7cxxh7kwhw67yb9uj21cx5ae2ip0yr1zlnykntii87ni8h1zmxhdj0np61vr72kgra12vzgimrw8hen7ahcwroviwntpxc8up0xc946s32e9lqvr35861kkkq9pjea:latest/summary.table.json"},"mean_auc_val":0.8529982715202907,"mean_auc_test":0.7976197687579214,"_wandb":{"runtime":6422},"mean_acc_test":0.815210956991025,"std_auc_val":0.06703565834618178,"_timestamp":1.7395446613755553e+09,"_runtime":6422.6430269}