{"mean_acc_test":0.7584905660377358,"mean_acc_val":0.7698113207547169,"_runtime":4845.279106953,"mean_auc_test":0.7645953767115437,"mean_auc_val":0.7807608476093573,"summary":{"size":692,"artifact_path":"wandb-client-artifact://av2ez3tuu3s2dfvo634nqeu5y4a3yft88brjl9fpsdypmbq9xtaqlx4fyh20roybilgvixgcogutnxcubqjf2jr05vt9o69o91l5cgp5frscw5fx9f1d6d5pw5wlpaye/summary.table.json","_latest_artifact_path":"wandb-client-artifact://fzz5ihx8votkrtf8oavawwgozqw5rnon3ou59huy09loel2y8mw4u320d2jqqkr6jggtp0thfq089147k35sr3jylpw8wkjctzzxjq2ovffaor1c8jflzsc69mttfjco:latest/summary.table.json","path":"media/table/summary_1_f0c047f285ddc62a1792.table.json","ncols":5,"nrows":7,"_type":"table-file","sha256":"f0c047f285ddc62a17927aac841733fb0abae65d516e4f5e65dc377b9f3348dd"},"_wandb":{"runtime":4845},"_timestamp":1.739529728240126e+09,"std_auc_test":0.06486148518337437,"_step":2,"std_auc_val":0.04884898298322689}