{"mean_auc_val":0.764074581003,"_step":2,"_wandb":{"runtime":5212},"std_auc_val":0.017500015553800888,"mean_auc_test":0.7829002574682183,"mean_acc_val":0.7452830188679245,"_runtime":5212.215972441,"std_auc_test":0.020134654497505674,"summary":{"artifact_path":"wandb-client-artifact://gdckqbar8xtyhxyni75g1geng7m6ctx8wmbaqjw1r9yeo3nelv3f0rspcg11ttrr071sllc71h8p3rd96zejkkxo9z7y04iltoo2sz13rioxnxyb716r0k7iw222vtjr/summary.table.json","_latest_artifact_path":"wandb-client-artifact://acds0ud2vg1wyk1ul80lwnecgfz3q3fa87wtvjnelm9j7k6b4kg70pi6yuu86tnzq2qi4t982hdifomrbfvgxchbgjiyrb05yrfu6wtmvhwomwi2q47dmaicg75622a1:latest/summary.table.json","path":"media/table/summary_1_6e0da1e2d89b4966f98d.table.json","ncols":5,"nrows":7,"_type":"table-file","sha256":"6e0da1e2d89b4966f98d90eddb283596cb3ea54ba3957e88ee78ee09f0ba97b4","size":695},"mean_acc_test":0.7433962264150944,"_timestamp":1.739536782102355e+09}