{"mean_acc_val":0.8174596075343302,"std_auc_test":0.03533128004371485,"mean_auc_val":0.8780560047756081,"_wandb":{"runtime":9436},"std_auc_val":0.018471794917011425,"_runtime":9436.332932894,"mean_acc_test":0.7720859972764887,"_timestamp":1.7397108870032067e+09,"mean_auc_test":0.8169930818740883,"summary":{"path":"media/table/summary_1_c2cc58c4598b3bfbfcf2.table.json","ncols":5,"nrows":7,"_type":"table-file","sha256":"c2cc58c4598b3bfbfcf2c260784d3d11c3e2f8baada345d7b42c7e7dc18e8324","size":684,"artifact_path":"wandb-client-artifact://uz3smue7mnz3w77c2mdx0duf2zm06lfupkn656kccldagf3922a13tkxhi77wszsnoxhcg608ph2qs1ophke0pk2zarsw8vtjjvz0miejq9srz08ccu41w79n12ydbt0/summary.table.json","_latest_artifact_path":"wandb-client-artifact://5gzd54zkyb414kc2job31pcgfaz9v2h2t5z6e8x9azyeqaowmszttp99a7nboazgtdbsojcfqv3rc6wzv0u33pw5hvfnulmy31h7k1vxsny2h460jh3lronh4usuoerr:latest/summary.table.json"},"_step":2}