{"mean_acc_test":0.7893266420947558,"std_auc_val":0.04473284893947215,"mean_auc_val":0.8995205192553545,"mean_acc_val":0.8250733011002496,"_step":2,"summary":{"size":696,"artifact_path":"wandb-client-artifact://2s684zdodm3x48gf0lxmckpd4jgt8xl1eahk79uzu6kgkma7lnfh81aev2ji7y1o459s51fv5kvgicv1yjzif79g15zyle36rzyb4v0c1ab98wx125fpfal16pqvukyj/summary.table.json","_latest_artifact_path":"wandb-client-artifact://zmjof3mdxws0cwn37otaexdn2fkcicl16kjid2ordk5qze3yywq4d902tu8tovg0yvwq9wt45m2ny1evphoi3imtpe0zw2l3fc90reedvk4jlic8h1sxeadmd40om0e1:latest/summary.table.json","path":"media/table/summary_1_f11acc096cafce3879b8.table.json","ncols":5,"nrows":7,"_type":"table-file","sha256":"f11acc096cafce3879b81e1bf0eca80c0fba4f0ef55a62fa7225f17cf78b9e33"},"_runtime":6421.099310431,"_wandb":{"runtime":6421},"std_auc_test":0.06928366311091329,"_timestamp":1.7397078718578234e+09,"mean_auc_test":0.8457300796949992}