{"mean_auc_test":0.7501219432637972,"std_auc_val":0.08742521836220882,"mean_acc_val":0.8516605531390947,"_wandb":{"runtime":6603},"std_auc_test":0.04841360388047042,"mean_auc_val":0.8193134671956857,"summary":{"nrows":7,"_type":"table-file","sha256":"b2d99b2ec3c6b50c1b4cb371f8a795e6eaf41abe3a29edfb9f4625e463ffe987","size":673,"artifact_path":"wandb-client-artifact://db07gauoltfrn809sk5uihj0c5y0k9z3vnvz1v58y9akllt11uyqqys4tm3s0ntczrlevhqt8ojmohdy0yeq2ltd8qt5z3duiyy8bceqvpngoabrha9yqk7974e84cmd/summary.table.json","_latest_artifact_path":"wandb-client-artifact://r5qu2nnauzd3amelyi8lj1bbda6u0suquq9e2nbc99n0jnb2umqy6ym10ounrcvbis8pd91ii6tyx1m866poxg0kazdf5u7eolclycqcd5053uwmwdn4sckp1tmksdlw:latest/summary.table.json","path":"media/table/summary_1_b2d99b2ec3c6b50c1b4c.table.json","ncols":5},"_timestamp":1.7397080290871286e+09,"mean_acc_test":0.8412632087764406,"_step":2,"_runtime":6603.357234057}