{"mean_acc_test":0.8061029103239488,"_step":2,"mean_auc_test":0.7003667894968179,"mean_acc_val":0.826451361167266,"_wandb":{"runtime":9478},"_timestamp":1.7397109038394108e+09,"_runtime":9478.133651972,"std_auc_test":0.06621467048973269,"mean_auc_val":0.7600771926222695,"std_auc_val":0.0905386730861769,"summary":{"ncols":5,"nrows":7,"_type":"table-file","sha256":"7d5901128122cd5d1dbaf5a087afa718136c49579a96507a48d89bae9ad3d1ba","size":693,"artifact_path":"wandb-client-artifact://op7ernlooe5jy9q47jc48j7xd2d5qhhyfr4jzscnwc7hp6vv33dws1zbgv0211e5p4bu39uk254qtnpzrsvs8fsqxjph5ibeenwubj17ccfj16a2k5ykkusdo11krby1/summary.table.json","_latest_artifact_path":"wandb-client-artifact://qft2631m7pfov8u88ef79g0czenunecripd2zni2nk24whpaoyu8u0emndycuc1wzv8qyvtdquxsoypzka8tke802rszatbe3detjg58ir4b68nrm8x05g1p11stymr9:latest/summary.table.json","path":"media/table/summary_1_7d5901128122cd5d1dba.table.json"}}