{"_wandb":{"runtime":1911},"_step":2,"std_auc_val":0.0676476657805316,"mean_acc_val":0.750943396226415,"_timestamp":1.739531329268342e+09,"std_auc_test":0.07918178432169541,"mean_auc_test":0.713759195790135,"mean_acc_test":0.7339622641509435,"mean_auc_val":0.7479788540530925,"_runtime":1911.04458052,"summary":{"size":690,"artifact_path":"wandb-client-artifact://6ph0uoor1eadw49zhsaj3xq7yfp5k9r79417jp0wq41xu3521u56fv0p7crqzvm3fjxu4xsc5jxoi5s1x1rt3pc2hhylqer2h8z5avuy8uasydr1mebncdj2kghuac2u/summary.table.json","_latest_artifact_path":"wandb-client-artifact://4v31eio6eer4c9zdvxo1d6ozcydf0eoxf2zta8pcxvwclldp1av5ky103rtugzfirj1eiqi26sbmp6crv69q4h27nxtissch7vfp9q58f2u9rn8gyjmy6nflm6p9dsyz:latest/summary.table.json","path":"media/table/summary_1_8f4b0db2373db8173078.table.json","ncols":5,"nrows":7,"_type":"table-file","sha256":"8f4b0db2373db817307863838b6a51b01ba840869ae7cecebc97e94f3b344c80"}}