{"summary":{"sha256":"05c572f2c92a1384835eefa868eb6d1229d939486d7b3bb6b34ed7e9ab3fd7a5","size":673,"artifact_path":"wandb-client-artifact://qwdaq4vly55vxrlbywabz6lylyqp642zu72pumq21bja2eizpuwbg5uu8iy1t07ly1nq0gd9jwg7vfwesib3dlvhj1ife7gpjmfgjhq1lu30wx13pvbr05t57mt2ey1q/summary.table.json","_latest_artifact_path":"wandb-client-artifact://319f28y009tceoruemfp0pkvubdy352ajk1kt1j9hcoj4ch78k3wsaywgvf191d6faziahwkuc1z0u7i58gcsc2rid8x862xk028eh3yqmai41g4l6xvhly3yfjh703j:latest/summary.table.json","path":"media/table/summary_1_05c572f2c92a1384835e.table.json","ncols":5,"nrows":7,"_type":"table-file"},"_wandb":{"runtime":8224},"mean_auc_val":0.9187059592587019,"_step":2,"_timestamp":1.739709667182777e+09,"mean_acc_test":0.8308624435517942,"mean_acc_val":0.8549002842013523,"std_auc_val":0.04263460608719691,"mean_auc_test":0.8818378001698786,"std_auc_test":0.029943158353283036,"_runtime":8224.947997106}