{"mean_auc_test":0.6678115618022756,"std_auc_val":0.055644544651163814,"_step":2,"summary":{"sha256":"04dcabed11811ef39cdba74e8c84693e6746ba3ba7d00fb5a1475d8811b725b1","size":696,"artifact_path":"wandb-client-artifact://z4as53n7z6zatm71z0jpjwj4npujce73upwgrcl0aiyp9xfzk5gqtp4porn01x9hnfsc0z6y5kwo7cd60oe7001kqh0wdypyq57nv6o367vqyctws9ghrr78ng8lfieg/summary.table.json","_latest_artifact_path":"wandb-client-artifact://t2cugc89eohidqm7tq37hinmyyhlhl3f3bk7543fe6dekp47txy3l7uuhxlu1q2osplz24qmxx3m545bk1tti06nhsjhs88vxmp4d51yiujxm3a6xv2l2v33xiahhclz:latest/summary.table.json","path":"media/table/summary_1_04dcabed11811ef39cdb.table.json","ncols":5,"nrows":7,"_type":"table-file"},"_wandb":{"runtime":5286},"mean_acc_val":0.718867924528302,"std_auc_test":0.06893252994638592,"_timestamp":1.7395347051987305e+09,"mean_acc_test":0.7132075471698114,"mean_auc_val":0.7270352019775485,"_runtime":5286.677665517}