{"mean_auc_val":0.9023686837249031,"mean_acc_test":0.8308227749206785,"_wandb":{"runtime":6671},"mean_acc_val":0.863142096835892,"std_auc_val":0.05492732207038369,"_runtime":6671.93137402,"std_auc_test":0.04281990857817522,"summary":{"nrows":7,"_type":"table-file","sha256":"f1d7417f3f23f61ab8a9f57a72c4c937eaebfce8e6400f5613a1d31ba2a189a5","size":683,"artifact_path":"wandb-client-artifact://l0q49g34hjk2dp9mlqkuu8rnzstevm1q4qvdiivmshaxf7gp5jnfiku0awd6vjs4wy7d0yx3i4fqa1of4f99c0dbtsnlbwqhto7o7gu0jf16geajbm2tvyd9q5vpi1ua/summary.table.json","_latest_artifact_path":"wandb-client-artifact://1jwdinhiwa4eokte7u9fx01d41njudvxtj7pw4n7sdfj9bpil85a9yv294r29lqnxrqgk9n0lzd3rhceqjgjozwa8c10k9yustsi5cj1jczgy3w2igpt70m716fvo6fi:latest/summary.table.json","path":"media/table/summary_1_f1d7417f3f23f61ab8a9.table.json","ncols":5},"_timestamp":1.7397081142989447e+09,"mean_auc_test":0.8877564249745419,"_step":2}