{"mean_auc_test":0.8839182818229441,"std_auc_test":0.03170085897182961,"summary":{"ncols":5,"nrows":7,"_type":"table-file","sha256":"f90a2236344e2679f525460e95a5c5d13e36ea968c694ac196345a54b26f1649","size":695,"artifact_path":"wandb-client-artifact://66ti4ouw86ojxkojk09d2dif3vws22ks3bia5wwdu0zppektk7lux0najfn5y83vywsab5tnss3jizvrwvxlwrc2p4tbu7ql0w6o0bayxbkpudhjltygkgqany9ghlzk/summary.table.json","_latest_artifact_path":"wandb-client-artifact://bygt7f9fajw1x4gedx3tzo724owhish99xjd6yiw3o9iow04xd1woabchv1a6hc24twifa0p5ayxd5lako231vo1sxc7ymik2cajvb9c7jbklvgn2hpsywyhaavas8ju:latest/summary.table.json","path":"media/table/summary_1_f90a2236344e2679f525.table.json"},"mean_auc_val":0.8906233630172865,"mean_acc_val":0.8584905660377359,"_runtime":3254.02304696,"_step":2,"_timestamp":1.7395279673416655e+09,"mean_acc_test":0.8283018867924529,"_wandb":{"runtime":3254},"std_auc_val":0.03811485250139214}