{"mean_acc_test":0.8367645935923415,"mean_auc_val":0.8305193404435199,"summary":{"size":670,"artifact_path":"wandb-client-artifact://n7nht3tf1j7afontzg9p8m5khzrsivlxnib5llh60bk7qd896d80gtfhiho3f201berw9fke4u7e8a9b91q6ef46n9eogs56x4p4fr4cg36g4h3f9uyc1p4t8aalji2d/summary.table.json","_latest_artifact_path":"wandb-client-artifact://7pwe2o57ggm7bfbodavc9ls55epjobqityzhvo7r0ovxrydyujlt7d5rousyz83s9c9ruqveyhj1vtex8wih7ljlinwg58wlysknkus3ns9vlfbxonjt1bu9dmo8969q:latest/summary.table.json","path":"media/table/summary_1_aa48fd457c013935723c.table.json","ncols":5,"nrows":7,"_type":"table-file","sha256":"aa48fd457c013935723c66142ad001db726f1b2fbeadf81f90a81cd1d5f5e4e9"},"_timestamp":1.7397085712052073e+09,"mean_acc_val":0.872379217916421,"std_auc_test":0.021791614820583036,"_wandb":{"runtime":7145},"mean_auc_test":0.7828877699029734,"_runtime":7145.196317288,"std_auc_val":0.07641201063994571,"_step":2}