{"summary":{"_latest_artifact_path":"wandb-client-artifact://h1m8chefv7881lzw75uch4h5qawjuahegfmpiwuvziabf0n2m6ryorrc9ekm2ee8n43m5rqt0w3tt7gxqbax7at46e2gg9lqjg3xf6ndwt1kog0rokrcaad5o4wldt90:latest/summary.table.json","path":"media/table/summary_1_928456e5725a649f4bfa.table.json","ncols":5,"nrows":7,"_type":"table-file","sha256":"928456e5725a649f4bfa777158b9ad3e5c47d787d2b0f2a5cf23198df656c06f","size":681,"artifact_path":"wandb-client-artifact://ib1m07vyyj0r1krghtagcfrx6br2kk61osyyk381pdk3d7qfuaiz4oprdmpb6mcnk8i9i6zie176vkp5034w60v7igv3jtrol4sxplukmoz37wbccl2xhu1wukvc7se2/summary.table.json"},"std_auc_test":0.0612384936973694,"mean_acc_test":0.8261982431784982,"mean_auc_test":0.8598912965332763,"mean_auc_val":0.9203607848220028,"_step":2,"_runtime":6496.807216685,"mean_acc_val":0.8648890683912643,"_timestamp":1.7395447177342207e+09,"_wandb":{"runtime":6496},"std_auc_val":0.05156235259937818}