{"mean_acc_val":0.8490396072367709,"mean_auc_test":0.866031285677008,"mean_acc_test":0.8082335932737449,"_timestamp":1.739709649382918e+09,"std_auc_val":0.026477757711924465,"_wandb":{"runtime":8198},"summary":{"_type":"table-file","sha256":"5adb7b190d0bfc86945093a70ad8cc01d42a453ce62d1a008b14f846088a7568","size":684,"artifact_path":"wandb-client-artifact://2j2cw682xukbzabet7wqmxmz9bqzu3az2ew4chg0tljpya15uvd6x126o5x3m1chllac7f1yvo7wbv3bjud2rvb4jm4wm46c0ftcdkoerbokraczfcpix8djtpuz68ys/summary.table.json","_latest_artifact_path":"wandb-client-artifact://psj8va9z5dq6de0kg72br7ljce34s6okny4i12i2coxi2gt1awixhiwkq2648el7eb3wkchat516j2lsniypmmxs39kweks8k3nd64x85oib276llow716qo1qp2ef7x:latest/summary.table.json","path":"media/table/summary_1_5adb7b190d0bfc869450.table.json","ncols":5,"nrows":7},"mean_auc_val":0.9099761084444971,"_step":2,"std_auc_test":0.08240030726197509,"_runtime":8198.577776994}