{"std_auc_val":0.0604100983934376,"mean_auc_test":0.7020144500848454,"_step":2,"mean_acc_val":0.760377358490566,"std_auc_test":0.06261214203900836,"_runtime":1886.839894103,"mean_acc_test":0.730188679245283,"summary":{"nrows":7,"_type":"table-file","sha256":"c1ab81a5e9fc10899fcc6b62be18942ea4d1a7ef462755e5f24315b3c5b5967d","size":692,"artifact_path":"wandb-client-artifact://k00fjv4212tp0udheperbcb8gl1w88e1g6v339yyxlopns3w45vxjsnpgjsbs47uvn7wdck8nf2lor056g8ygkftgzd8dllkfmf8179ykztdxffj2wf5ogqufmmkls9i/summary.table.json","_latest_artifact_path":"wandb-client-artifact://90tkzozl9fsjxc4aju841szc68fbk930euhv7aici80da3k82s4jkpjjulcun46wahwd5tblgk3xre05ysh8eubq92s2cwxhu55zib83avu73wptydkfh9tw7w0pt8go:latest/summary.table.json","path":"media/table/summary_1_c1ab81a5e9fc10899fcc.table.json","ncols":5},"_timestamp":1.739531305320193e+09,"_wandb":{"runtime":1886},"mean_auc_val":0.7676591898912398}