{"_wandb":{"runtime":2724},"mean_auc_test":0.8225516809095759,"_step":2,"mean_acc_test":0.7886792452830189,"summary":{"artifact_path":"wandb-client-artifact://dwfs60kx9ys17fxh016aj5t4tm18317sjsouif7df4yoqidl21pb67wl6nzdh6rdedfkfanh7vi2omh9elm1c3h6ypvy85e3qztrqnz5uov9nyfncylimfnjfkfjj1u1/summary.table.json","_latest_artifact_path":"wandb-client-artifact://w1hbmveij1faqm28wtneqrhi9za8vuy0mhatgu03a1mmm3iunbn84lv7stqgdahrihtd2ly3rwl2f78lt31qxx30x8w71hryv2sbicgywhahqqxsmm2mgub1ahla0fmk:latest/summary.table.json","path":"media/table/summary_1_7619b6284ad1cc642126.table.json","ncols":5,"nrows":7,"_type":"table-file","sha256":"7619b6284ad1cc642126b7d8ca33877574626effe5a3856e9505450b8af768dc","size":695},"_runtime":2724.915079063,"mean_acc_val":0.7830188679245282,"std_auc_test":0.033262780752738544,"_timestamp":1.7395342950059996e+09,"std_auc_val":0.04219576803483101,"mean_auc_val":0.8168303398205963}