{"std_auc_val":0.03181318792351223,"_step":2,"_timestamp":1.739533787057716e+09,"mean_auc_val":0.8981665793609219,"std_auc_test":0.035642691910169416,"_wandb":{"runtime":2251},"summary":{"path":"media/table/summary_1_77fb0d8702493507f138.table.json","ncols":5,"nrows":7,"_type":"table-file","sha256":"77fb0d8702493507f138f01d8a6dc7b9b22369705676edb8dfd620248dc6ea95","size":696,"artifact_path":"wandb-client-artifact://mwy4fubertyvqyn5kjmwt2pzlqpxw34d91icao38nv7xhtt5bhggbp357zvunif63ft7lorudfvoynyqzaw0rwkz4yxfy55m7t88m0n2ljnxx92x765bcbi7mxzhumkw/summary.table.json","_latest_artifact_path":"wandb-client-artifact://zjlaej946aqsaosvdukomdrob3scokn7a5cdgyg6zxbfi4kq9mt1ly0gh50cpwtjpuy6fttg9xg4u52qn9t168azu6e17r5cvxw1ndsudn6v5tsqg2rg8gajpihj9yv7:latest/summary.table.json"},"_runtime":2251.634660848,"mean_acc_test":0.8641509433962264,"mean_auc_test":0.916605552645364,"mean_acc_val":0.8584905660377359}