{"mean_acc_test":0.8289738017580561,"_runtime":7055.091096311,"std_auc_test":0.027777218342680737,"_timestamp":1.7397084973449478e+09,"std_auc_val":0.045058478695118635,"summary":{"sha256":"54c47e6c8b0a98b4ed39403f6dc5bc379fd8646d0776905e2566a4b9355038c7","size":696,"artifact_path":"wandb-client-artifact://hyvgi4w4vj90vmopm29y8ln3zycd8dvg42lb48z2qaceks33hs4tqtjb8a4hq6ldfyxdxs91arrlxn3j1tc3arjxiheiury4wwweg3p7adntmylw4kj0l2hv78mie5z6/summary.table.json","_latest_artifact_path":"wandb-client-artifact://k5wxf9b8g7kfz1eipnuegz1936sgmu3q34g9abnh18wu79rdo8xulsb121e1nq3r92b56kbs7f6mgfzui2art89688879exgmroec8at5jfwhm9kp1njm6jb2tu2p3ak:latest/summary.table.json","path":"media/table/summary_1_54c47e6c8b0a98b4ed39.table.json","ncols":5,"nrows":7,"_type":"table-file"},"_step":2,"mean_acc_val":0.8859622600283659,"_wandb":{"runtime":7055},"mean_auc_test":0.8652553035502757,"mean_auc_val":0.9173109576140333}