{"_step":2,"std_auc_val":0.016660098526348283,"std_auc_test":0.06450655842053375,"mean_acc_test":0.7939193265113214,"_runtime":7124.289646458,"mean_auc_val":0.9085414351019058,"_timestamp":1.7397085748690486e+09,"summary":{"sha256":"61d769f8278a2ed6fbaa74386aee7dac76c8c0ce3b24d88bda453ff71a0d6768","size":697,"artifact_path":"wandb-client-artifact://lo717bkwyfu6lstsz284x16j6m73sdbj97ryluhw1aaxa08tza9ch91t176q3ni90mmvqj3jn73o1w5z2ig0y47c5cesay8ha1xrocnuhegjyu5vg3k1aci4borgotr4/summary.table.json","_latest_artifact_path":"wandb-client-artifact://hocsl4naxwovhoxuobjs743q4gahxmn6bxk7xrbfcb17u3rkssju4q5lqu2i422qoni5vcrgbcn5mp8wrfgvhvtpd4aanjeu9lrldl71usgw01wh5cj14qtg19knf4s0:latest/summary.table.json","path":"media/table/summary_1_61d769f8278a2ed6fbaa.table.json","ncols":5,"nrows":7,"_type":"table-file"},"_wandb":{"runtime":7124},"mean_auc_test":0.8639842867296569,"mean_acc_val":0.8161598714919827}