{"_timestamp":1.7395461721463628e+09,"std_auc_test":0.05874240513517514,"mean_auc_test":0.833796778574977,"mean_acc_test":0.792050473562827,"summary":{"size":685,"artifact_path":"wandb-client-artifact://ov4fxguhf4fnm7vayg446q9v1xdrkeqsxsed9rmmoz4622mezmt6hbsbo5sm2zw1p4cyihif47e746kdxrzskz0m9ltbp7qdy3nyjmcasbjl0j2sisr9icluwdbduj2f/summary.table.json","_latest_artifact_path":"wandb-client-artifact://tay91f2dfmtlm3c9ce17wknna21ame4b7jl7fs827n98qao1tj8l35gqhnmjyqdkhmqhbrfb3i4ka5e185ew1vms177e7ushkd7ypcaoy2g3ss34h2ae1bhanff2id1k:latest/summary.table.json","path":"media/table/summary_1_fc590f8768e2ef0cfaed.table.json","ncols":5,"nrows":7,"_type":"table-file","sha256":"fc590f8768e2ef0cfaedea88fa04979320a28c02966749173add79dd06f3b04a"},"mean_auc_val":0.8812497623990403,"mean_acc_val":0.8185655137747933,"std_auc_val":0.028240063059718656,"_runtime":7973.468642943,"_step":2,"_wandb":{"runtime":7973}}