{"mean_auc_val":0.8171447316474321,"mean_acc_test":0.8352026027158346,"summary":{"nrows":7,"_type":"table-file","sha256":"5c85cb19d615207d7b8c3b7847f3d4555d3817eac928afece9230b553dec8319","size":668,"artifact_path":"wandb-client-artifact://ufyx39qj94v4clr0hsc5ikck7ve7mcyjd8p22c2kfkd3w63m867knlne7jhrxqjvdf1s7pa2l2f0xd4u4fjthl31nflu5s0ac5kcjjwa72134uf1q5dk7y90i5ha0c7i/summary.table.json","_latest_artifact_path":"wandb-client-artifact://6qf2ytfraxrvo8g1d3f2jgu0fcgf13h0vicp1xvzgfxvo6nhiq6jalvcfeu7nl6yfq16m65q899er6tr2ew9orx3janta0punw4lcbv54e42cmbd9iw10uwt2azsb98h:latest/summary.table.json","path":"media/table/summary_1_5c85cb19d615207d7b8c.table.json","ncols":5},"std_auc_test":0.04705586334142567,"mean_acc_val":0.8516605531390947,"mean_auc_test":0.753163671404148,"_step":2,"_runtime":6349.499957004,"_wandb":{"runtime":6349},"std_auc_val":0.0875455487782101,"_timestamp":1.7395445881890652e+09}