{"mean_acc_val":0.8320754716981134,"_timestamp":1.7395336718943832e+09,"_step":2,"mean_auc_test":0.8687270822420116,"mean_acc_test":0.8339622641509434,"summary":{"_type":"table-file","sha256":"460c040bb2a4f623d59b96842dc05d9d5f50dd8373c16ffa7e44a581fd4b3c0a","size":694,"artifact_path":"wandb-client-artifact://er3mpzq6qcng4y8ny51bai4cmx84gaq5qcunite35a5qqbvy1f5dk5sgs8hpea5u9x2cddhhnv18x685py724yb06kb5w4jw5i2npstd4n2y5zg4d84krzb3hbdk55eb/summary.table.json","_latest_artifact_path":"wandb-client-artifact://3b967qn65vmlqiko4k7wodhk75ikae6hxszvmjbfqswp76rjm9lu8vs75lxhzi487j4jfbjpkt03zx9pr53qmlae0h04ddd0qx1tv6567vxi2djrpfc26cx4nd7qgn4z:latest/summary.table.json","path":"media/table/summary_1_460c040bb2a4f623d59b.table.json","ncols":5,"nrows":7},"_wandb":{"runtime":2136},"mean_auc_val":0.8699842849659507,"std_auc_val":0.05355602240967208,"std_auc_test":0.03166188302360018,"_runtime":2136.472275964}