{"mean_auc_test":0.8680300527847639,"_step":2,"_runtime":6914.615430284,"summary":{"sha256":"1dbcc42760645232ba6078b60e5e46cea0962a3439b83d05371f520124e00f92","size":680,"artifact_path":"wandb-client-artifact://5olex9yofj7zuw3u5y3qzewcn30bqyepn6okpzxzx5gpet6nhzhkbw0xv7gmg8rvjit82ctbev48fxye6m8v9cg7lo1tyzgz362ez0bhxvxz6j7v0jnynobduzukoqc5/summary.table.json","_latest_artifact_path":"wandb-client-artifact://29raul11ey1m7adv6k9a2whzqhq41s3uwmt2e5r4ko690xz26sdsqzftamq5fxc9nn3a0dg2muejqkszln90scvsgfwy9lfum5088v675u668axz7g93kxf2brz9d5us:latest/summary.table.json","path":"media/table/summary_1_1dbcc42760645232ba60.table.json","ncols":5,"nrows":7,"_type":"table-file"},"_timestamp":1.7395451356165187e+09,"mean_acc_test":0.8146170817707183,"_wandb":{"runtime":6914},"mean_acc_val":0.8774974929018144,"std_auc_test":0.023429751541695187,"mean_auc_val":0.9219028733298774,"std_auc_val":0.04287733403444809}