{"mean_acc_val":0.769811320754717,"_runtime":1889.218141419,"mean_auc_val":0.7805147477585841,"std_auc_val":0.05410032859616555,"_step":2,"std_auc_test":0.052541184622542446,"summary":{"artifact_path":"wandb-client-artifact://s7o889odat0wqcknugfly41w1946xnmsizu2zg0t56ziae4zm5iyl1u1w920b1j8jc70afn0xxjbnzxjmrgnt050tr5wxk33insy6aaiqq0lq50nixmogl06ths5s6p1/summary.table.json","_latest_artifact_path":"wandb-client-artifact://8xl0y1fhfiq6mwgyyi1pi6r2wrkczcmu5sjg9ynp9yxh1j8gwf571f5ji4gnxl0ko2bui1g4s43ubn8quxht7xi5xmwa4v35og2rpdp3aex6pr8vthscss381ntgr7ma:latest/summary.table.json","path":"media/table/summary_1_17b7bef89c118d36f682.table.json","ncols":5,"nrows":7,"_type":"table-file","sha256":"17b7bef89c118d36f68209f5823f8f5b70870c0a9575ddf65fdb6a98bbdf835b","size":695},"mean_acc_test":0.7830188679245282,"_wandb":{"runtime":1889},"_timestamp":1.7395267721089044e+09,"mean_auc_test":0.7951063525816695}