{"mean_acc_test":0.8064715494755532,"_wandb":{"runtime":6357},"_step":2,"mean_auc_test":0.8434815589425133,"mean_acc_val":0.8386821253285373,"_runtime":6357.003987391,"_timestamp":1.7397078078673897e+09,"summary":{"sha256":"d94bc7f860643fd6a8bd8c2bf22ad3c8e58580a6548420a9887d1b1424a89923","size":681,"artifact_path":"wandb-client-artifact://6wqv2tg9e2v0ox46k9fbh5hfkkufikc4uciio4mseipqx5skc3ygs6ijpwbafssvfpndosexonuh122wd6puf2mttcs9emvxyy2tb8etosllq6tyzzkktgqwkabla25e/summary.table.json","_latest_artifact_path":"wandb-client-artifact://2k7w4glfl1cgfscq8kj3hz1glw31u89v4pg9l9o2jtu22l4a8l5fxlgcsz6t4ibtiugt96mgok2konrf5gqh29v9m07vzzaypx4qj9ij5mvza6d8zcsnb2jaedhmku5z:latest/summary.table.json","path":"media/table/summary_1_d94bc7f860643fd6a8bd.table.json","ncols":5,"nrows":7,"_type":"table-file"},"std_auc_test":0.05973910061820397,"mean_auc_val":0.8862369349907387,"std_auc_val":0.023355014011059896}