{"_timestamp":1.739534326737462e+09,"std_auc_test":0.04257005193734858,"std_auc_val":0.033460682677961026,"_runtime":2791.377722082,"mean_auc_test":0.8946045049764274,"mean_acc_val":0.8377358490566037,"_step":2,"summary":{"_latest_artifact_path":"wandb-client-artifact://zsf3ta9y7ptc6hcl9wwanshml08dh1ti30t2guvshfjk4vio94f5eiymkkeg8t5sb91wi4m3mkl2q4ou9ihznnv7o6yneq5qnl9ehi3ww7agyxnfhx1g300mzd1p4ghn:latest/summary.table.json","path":"media/table/summary_1_62f95bdd28f1fe8c86bc.table.json","ncols":5,"nrows":7,"_type":"table-file","sha256":"62f95bdd28f1fe8c86bc88a7018f77b0faa2f6fb9a0324ad5b8980fdb37dde8b","size":695,"artifact_path":"wandb-client-artifact://fq77isw6drq07xdsd3bni90widp5akv87c11tpag0n8l2v04qb6ckjh11zzpl0fvh790qyiabvbjwhpnjst61sh0k779rwe4q1ec9upaxgddxi9eu2droajat8i4cqrj/summary.table.json"},"mean_auc_val":0.878365636458879,"_wandb":{"runtime":2791},"mean_acc_test":0.8603773584905661}