{"std_auc_test":0.0676824144149445,"std_auc_val":0.01817760275327653,"_timestamp":1.739545014562021e+09,"_wandb":{"runtime":6815},"mean_acc_val":0.8348198385896591,"mean_auc_test":0.8655150302857226,"_runtime":6815.860836157,"_step":2,"mean_auc_val":0.9034576210461909,"mean_acc_test":0.7958635935186671,"summary":{"size":683,"artifact_path":"wandb-client-artifact://0nk3mbxvwv6r42mdmdqztb21x6sftatoq6lsa1r602sodtmc25azw9f1mli4369x7hderfbwbgcgx2tkh2lhl7o299ts59ix9rvums5mge4majb2tmkg1teqxp8vuu6w/summary.table.json","_latest_artifact_path":"wandb-client-artifact://2er9r7inu2sxbht5ga83yyll4nh4lm9qwixq5b1eyxo0ht4doatzw88yawgib83qgqupxfbxdam2kwcaksk0hc2o4d0660v1lmm3lkqj3k4s4mg4ahiyu5ioqn6ascc4:latest/summary.table.json","path":"media/table/summary_1_b42bd73db54cf3fef8a8.table.json","ncols":5,"nrows":7,"_type":"table-file","sha256":"b42bd73db54cf3fef8a88434332f166e1f397d4e0b4f0f03de2f6f4c23591689"}}