{"_step":2,"_runtime":4247.718779763,"summary":{"_latest_artifact_path":"wandb-client-artifact://xghxddiy8b1wj8hwqo6jo311qx1frpxwl8i8abhghg84tt4e0t79uz6zs51ikscpoojp47o8ml9g72kbxefa3bchaaawswefba8natixodbjo472idqi3fljigay2o2s:latest/summary.table.json","path":"media/table/summary_1_13b28688bee08c605b9f.table.json","ncols":5,"nrows":7,"_type":"table-file","sha256":"13b28688bee08c605b9f21503d8c20d1c7fbcee8a9061f480b8b90a154aa423f","size":694,"artifact_path":"wandb-client-artifact://cmuuuzt1tn187otob9dj57agsgh58zbt4ewks3e877zobxonn6l3sas7zi92elo6cginyi1aqk3wewovf8tdhwg13a63t199rymwdt6wb6l6yyfanxxq1qov39f808bm/summary.table.json"},"mean_auc_test":0.6902024715273753,"_timestamp":1.7395337535830684e+09,"mean_auc_val":0.7813317550782498,"std_auc_val":0.03673631394316344,"mean_acc_val":0.7641509433962262,"mean_acc_test":0.7037735849056604,"std_auc_test":0.0586443704878092,"_wandb":{"runtime":4247}}