{"std_auc_test":0.041593701742073365,"mean_auc_val":0.7853913224141854,"_timestamp":1.7395267635327468e+09,"_step":2,"mean_acc_test":0.7962264150943396,"std_auc_val":0.026564470005519498,"summary":{"_latest_artifact_path":"wandb-client-artifact://v8kidk9oigdbxvjraz42ix2qrwne8n67py5c6dzm1b4j6wmfslhsscvb5l4veqe89xpri4wtxoca94yeypw8a38yduseyue70va8gsxk53yc214k7j8ytkqy93rketcy:latest/summary.table.json","path":"media/table/summary_1_f47faaa91f9840453333.table.json","ncols":5,"nrows":7,"_type":"table-file","sha256":"f47faaa91f9840453333091be4a96b0cd9756a33bc39f0eb97706e00f89e3b03","size":696,"artifact_path":"wandb-client-artifact://pr6c3wucfhrf1iiqv0b9ib2pouos3w1r2dwn6zhfc0oq0748lwh2aa2w5ooqr9urqee7tu4otb8fwsic2wau6m8fqb6w8xmkew5654edusg3xfljxctisdjk59b55vjg/summary.table.json"},"mean_auc_test":0.8153711891189512,"_wandb":{"runtime":1881},"mean_acc_val":0.779245283018868,"_runtime":1881.012473902}