{"_wandb":{"runtime":6269},"_timestamp":1.7395444898612547e+09,"_step":2,"mean_auc_test":0.8901770135221106,"summary":{"ncols":5,"nrows":7,"_type":"table-file","sha256":"532d6a0b7032b8ce04edaf95ae31080b0630bb81340d698ef9cda2050f98d89c","size":683,"artifact_path":"wandb-client-artifact://mugoy89qh3ekeffdmdm6cmvb0pent034y8oh2m9xzrh06zc5ek5wvsuw26p4up2tjr3ps2xwvweqpvxlxflzh4zlb05iqsthtqf3tbu5qvk4edv7h1wpkdh6r50hdkgt/summary.table.json","_latest_artifact_path":"wandb-client-artifact://xfvm6qbrxmt2x9sgiftxttagcfge4ea75dzvo2ivw932l1zuv8dqa8o65bile915f8u66d33f95ft0bzwkbr0unghe9tnh0o7ru03cejl17unqcc1f2hexu2kezt9qjj:latest/summary.table.json","path":"media/table/summary_1_532d6a0b7032b8ce04ed.table.json"},"std_auc_test":0.04698659503579041,"mean_auc_val":0.9169828304079388,"_runtime":6269.005044926,"mean_acc_val":0.8630776500045279,"std_auc_val":0.03294003745269667,"mean_acc_test":0.8427645813462188}