{"_runtime":9470.212097021,"_timestamp":1.7397109124422781e+09,"_wandb":{"runtime":9470},"_step":2,"mean_auc_test":0.8771062524092266,"summary":{"sha256":"8a112fec0fa35f2e8db6138c85e00e54c429ae98e8996e372510f23570849081","size":694,"artifact_path":"wandb-client-artifact://dvmtsxqv06xv8i6nit784xpoj1zkvbssu2ipfsm1jjvk0s7jh36aighekpfqnoifvbe90fvba5j8o8kur8frnyxjl9fj68anif60xgf6zie8eh66iom7nrk68bx26jjf/summary.table.json","_latest_artifact_path":"wandb-client-artifact://0ggnh5e39d2aa7x4kly89sxw7ae69zw5ev0wyrfdrdn8l55ttclw406zhuiytz3mdw5ltsl1u6q1t6h7khj36xkqnwe3pl3scybbjys5d309hsjf3ia6n864f73dvw1t:latest/summary.table.json","path":"media/table/summary_1_8a112fec0fa35f2e8db6.table.json","ncols":5,"nrows":7,"_type":"table-file"},"mean_acc_test":0.8334646701174397,"std_auc_val":0.03768147412956352,"std_auc_test":0.047928461281224716,"mean_auc_val":0.9050119867051585,"mean_acc_val":0.8547430282770488}