{"_wandb":{"runtime":1979},"summary":{"path":"media/table/summary_1_1343e6139ee668560a25.table.json","ncols":5,"nrows":7,"_type":"table-file","sha256":"1343e6139ee668560a258703c7bafed626c340cb332fa60275df7a56e3ca8076","size":696,"artifact_path":"wandb-client-artifact://t0zymfedvfnup0mjx35jj7l5ejfwoad7fdyvpp85vc8j4n8z904soc74rgbz8cmjbrgsu499g8w6dl7jzavtxb01zvfdgc937yt07f8tkxpnum4q85se6myq5bmw9qkr/summary.table.json","_latest_artifact_path":"wandb-client-artifact://ia6imf2nf8il3ttjb6onn9whtjdngqgdomlfr9vxherh41bfxdrmbo8314f8jq48arf5cfu0nmgo9sffjytffdyjvz0cqiluro2zgfv3upmuvz4he6nyyeg6mffr9uu1:latest/summary.table.json"},"std_auc_val":0.05108058334163386,"_step":2,"mean_auc_val":0.8178005115932772,"mean_acc_val":0.7754716981132075,"std_auc_test":0.019679049156935868,"mean_acc_test":0.781132075471698,"_runtime":1979.032614683,"_timestamp":1.7395268617009773e+09,"mean_auc_test":0.8240593592285942}