{"summary":{"artifact_path":"wandb-client-artifact://b5vjig901u8ma0mbapo1yb04bjbjodusp3dthvre8egsn59q8sjiyhvjyxe1skil5oxayme9xzbe4ys7uqvrqwm3dqyvb8hz4d6p3ts1wyzenytrf18fzz7mrqxica3o/summary.table.json","_latest_artifact_path":"wandb-client-artifact://6jljom6ensxpq108xpmrut0bmqr2w604mr24bbmsdio5tkh79ipo5wefgue0f4p6f3rnsqmw7jjhpad4btfgn5mdt1fu4xp0nixjmc4f4k11az3tr1xeg0uob9ngihz7:latest/summary.table.json","path":"media/table/summary_1_800e488537bf2b06e530.table.json","ncols":5,"nrows":7,"_type":"table-file","sha256":"800e488537bf2b06e530fbe674c822a4a3967591a9ee2b9d6cbb2fe10df3691c","size":697},"mean_acc_test":0.8058846594007655,"_wandb":{"runtime":6363},"_runtime":6363.711956602,"_timestamp":1.7397078145517123e+09,"mean_auc_val":0.9069785463120883,"_step":2,"mean_auc_test":0.8417160085576928,"mean_acc_val":0.8468030283157209,"std_auc_val":0.019916856021341797,"std_auc_test":0.048809220672034255}