{"mean_auc_test":0.8426551765366682,"_timestamp":1.739708115279034e+09,"_wandb":{"runtime":6673},"std_auc_test":0.041333549307272795,"std_auc_val":0.042937057243384195,"mean_acc_val":0.870792289486736,"mean_acc_test":0.8146740591603597,"summary":{"nrows":7,"_type":"table-file","sha256":"2a72ca5cfda064b8e2f19c8aaaa4ccf3e9fd6dd66f0d62bb0ef756114023e5a7","size":671,"artifact_path":"wandb-client-artifact://bztvksfnf64n4ae05nr32s0dkdah69vc1snkp78jedob7vu2s3dxz2u6ey2cxneq4m121wjqsy2yzkpr36pxb1at3gjj6imcbi1p3cj7qliv0rypwvkxq4v19g1rtndy/summary.table.json","_latest_artifact_path":"wandb-client-artifact://xwlf3e3m9dj879eqafp6ebac99nz7k5a9u4tvpyzqm9dfzbafa68agphm4nz6baq7y123gw1outo5aajx2jvrsmxkzqvipv0g5n40f67ruq4stlxzlzzc5vmv3zi6rok:latest/summary.table.json","path":"media/table/summary_1_2a72ca5cfda064b8e2f1.table.json","ncols":5},"mean_auc_val":0.9088167719534697,"_runtime":6673.005000999,"_step":2}