{"std_auc_val":0.09057760237824937,"mean_auc_val":0.8578400797144047,"_runtime":6729.350944604,"mean_auc_test":0.7809570319038787,"mean_acc_val":0.8624562437446752,"std_auc_test":0.0342158690147452,"_step":2,"_wandb":{"runtime":6729},"summary":{"nrows":7,"_type":"table-file","sha256":"a770c352842e8f18c7c9673f03d12401ca9530d866084235e98d32c99644bc21","size":683,"artifact_path":"wandb-client-artifact://j0pa0wswefguqcyvrfr6vzw198qpx5dyv48rfypm6fjh78ii3yjqx91zqct7pnkgs7d8qzfnf8gejlk3mtf1m8kbq3bl3oujuapzufj0kavn53btpwpccaj68tnz0k24/summary.table.json","_latest_artifact_path":"wandb-client-artifact://itgdo8smjvb94hvxvx0kbpug5sfpmso17c1hnmeewwas5nvwott29xwa7l8stww7a68t64uman5bxqj1xlz2wzpai3fms7mjl02xq8l2v6udv41hchjtb056x0bryp4a:latest/summary.table.json","path":"media/table/summary_1_a770c352842e8f18c7c9.table.json","ncols":5},"mean_acc_test":0.8336134424008563,"_timestamp":1.7397081550806293e+09}