{"_step":2,"_runtime":6712.400813276,"mean_auc_test":0.8563942698189206,"summary":{"path":"media/table/summary_1_b85003df9eb10c9a2ca0.table.json","ncols":5,"nrows":7,"_type":"table-file","sha256":"b85003df9eb10c9a2ca0d5d075165a045ce73b5dbe8f00192760387ee900498f","size":681,"artifact_path":"wandb-client-artifact://lfrp5ifh3cruxin5tmikxyn64qfihgyffb8m41pwqot1vltarj131tvpjwl3qxstivroyj2oo1j0pabwos3m132g05elxvj664iz16es8440pe6s1pand00avm40461m/summary.table.json","_latest_artifact_path":"wandb-client-artifact://4hm948wwkfi0of7b1in2v06hyoko6txan7gdaf7n12dyorgjfyx6c5p4ek7ffiyubitklbus1bhd5epj86t70zpn2kcbbcbcgjwbsnhw6a0jwzchoyojuhdlp6vnuwaa:latest/summary.table.json"},"mean_acc_val":0.8732662613737208,"std_auc_val":0.04703163782273333,"mean_acc_test":0.8078220050444808,"mean_auc_val":0.9145448129755355,"std_auc_test":0.05738607053484826,"_wandb":{"runtime":6712},"_timestamp":1.7397081545977685e+09}