{"_wandb":{"runtime":6390},"std_auc_val":0.05043130439260859,"_timestamp":1.739544611726459e+09,"_runtime":6390.755194884,"_step":2,"std_auc_test":0.04152585573094995,"mean_auc_test":0.8609807264409348,"mean_acc_test":0.8409437923713371,"mean_acc_val":0.8834766845374118,"summary":{"ncols":5,"nrows":7,"_type":"table-file","sha256":"99f393cbb2d7e8622246a1cd10618c8e5e4a4e9754a9b7be7ede17ce6b130664","size":674,"artifact_path":"wandb-client-artifact://hi3mo4d55sgbeuhgotakw1dq9fhgwvsyaufj1dmo8strcurs2bshs1v0q5unb9rowj5flytvmsf2n4ofc04tvltjze72wmmrn83scvwv7r0c7i6g8vse1ccuqdmv0s5p/summary.table.json","_latest_artifact_path":"wandb-client-artifact://ubhdvq7rjsoz3vd3pmnoi6fam4542vgipnp4nnhtkn510x4oq1f8q6942n1rj08icd5uar2uv86k5ohbdwbj4pyc06w8jzae0v6k0lqm1m4gfgvlg3b4b7ok187wc18u:latest/summary.table.json","path":"media/table/summary_1_99f393cbb2d7e8622246.table.json"},"mean_auc_val":0.910066703683353}