{"_wandb":{"runtime":6221},"mean_auc_test":0.842643978574279,"mean_acc_test":0.8058846594007655,"_timestamp":1.739544420376728e+09,"mean_acc_val":0.8447828262955189,"std_auc_test":0.04843533919627186,"_runtime":6221.707900604,"std_auc_val":0.01836436139877886,"_step":2,"mean_auc_val":0.9059394844192681,"summary":{"ncols":5,"nrows":7,"_type":"table-file","sha256":"4706d017e4eb57d83f9c83ad7b35aab64e380360ef085acbd6cc456d4f8af0c6","size":696,"artifact_path":"wandb-client-artifact://he72l9h0cgwnydtgvjmjpqzcg0nyer09i6ke6d6y05yqplvmb7885nuk5nm9dhl7g2dxyk4xeprqw6rtr5hwwhw5rchybvkkgktryqa0w6r7npvuo0rewikiplvn993d/summary.table.json","_latest_artifact_path":"wandb-client-artifact://wgkznbubfojjbk6elnt8mcpnfswse9byaxz3wc3snn59s11ui896boy5cpqarfsmn4oqlg3jg52cys4o36io3mupplomige4c3b84d4c1j3z05ku8qvzezn2nqvvdbm5:latest/summary.table.json","path":"media/table/summary_1_4706d017e4eb57d83f9c.table.json"}}