{"std_auc_val":0.04541818941088182,"mean_auc_val":0.8880464226534561,"mean_acc_val":0.8345385317264272,"std_auc_test":0.05056698231512362,"mean_auc_test":0.800249280440234,"_wandb":{"runtime":6226},"_runtime":6226.236061259,"_step":2,"_timestamp":1.7395444250200222e+09,"summary":{"size":671,"artifact_path":"wandb-client-artifact://hat5caufaq16o0chudebzzdfc1oxdee5xpdwykdfwdz6z3jnokt371opfmqjkw8miyws4rgww0xhyqk8inabkbzzzfba17ju6o8nlfndprdlucrjp0mycwfynir5q468/summary.table.json","_latest_artifact_path":"wandb-client-artifact://jjntyfyydocnqc5pncijfosy1fiiio1mzn8yuo49hh7vz3gy15skalxke8sq1pkfgt93r8ie5hv74rxleb7pg84tvlfodj0qx9a7ire2m3tyn6cbwo7wmamsms4zqhkf:latest/summary.table.json","path":"media/table/summary_1_69606d5587b57037ab01.table.json","ncols":5,"nrows":7,"_type":"table-file","sha256":"69606d5587b57037ab01825a56291328f96781533fe77d3b7e4e8e6dd73a2311"},"mean_acc_test":0.7756203117843056}