{"_runtime":3791.404498737,"_step":2,"mean_auc_test":0.6974543685864598,"mean_auc_val":0.767878596502186,"_timestamp":1.739533209983347e+09,"mean_acc_test":0.709433962264151,"_wandb":{"runtime":3791},"summary":{"_latest_artifact_path":"wandb-client-artifact://oh51v3qbfbomsh4d4qi4yqw4o836q4ru0hq5fu0h8alqqapnuu6jmvnkewc8tajri4s5cpn7tgua5jngl499i6as5nutxxzcndpvgi6604d4p0mrnn2giz8x6x7fxgzc:latest/summary.table.json","path":"media/table/summary_1_6f795bd06c7cc11c00c3.table.json","ncols":5,"nrows":7,"_type":"table-file","sha256":"6f795bd06c7cc11c00c37172ba55967997e8d5484db8b302cfd28eeab2829fc4","size":681,"artifact_path":"wandb-client-artifact://vudc307qawwk61g1plfctzvd9mla9lgafvlbjmo1kraxhri9demmgfe8rveprvzaw9p192z2p4or4bqoy0mrr9xcomkg9b4bqa9d3xyt9eh7z49jzjmz624rb7f8a76f/summary.table.json"},"std_auc_test":0.06068953630438131,"mean_acc_val":0.7679245283018868,"std_auc_val":0.06457458240098267}