{"_runtime":7850.315763893,"std_auc_val":0.06644656147409195,"summary":{"size":671,"artifact_path":"wandb-client-artifact://tu9xtmbpzl8pjc1afy8iqap1t5hbijzuz8gcma9cdgfc2a0oc0vnkhsyv7wssr4h9dvck2c2x6mbdyuj88jg94m9yln0f5f3koiywq7px17yg6nwru0tmvz6wyqtavsg/summary.table.json","_latest_artifact_path":"wandb-client-artifact://sotdorc39ns6ybg0vksjlzywsabbn1gzzt6suxgflm67gt033iuw4johp0b6lk1ag2zfuoa9r4cxuy63og7bcb0hb4z1dpipaxfpb713p5xeth6t7euwx714utcnql2c:latest/summary.table.json","path":"media/table/summary_1_cdc74f3aef27aea2e31a.table.json","ncols":5,"nrows":7,"_type":"table-file","sha256":"cdc74f3aef27aea2e31a7200d4190f8ac767c625b31a24c3ef5801a3fa89e101"},"_wandb":{"runtime":7850},"mean_acc_test":0.8234074016354894,"mean_acc_val":0.8683427604307156,"_timestamp":1.7395460890041842e+09,"mean_auc_test":0.7201125465329163,"_step":2,"mean_auc_val":0.8507540316397815,"std_auc_test":0.08383725332592797}