{"std_auc_val":0.04069939152879264,"_wandb":{"runtime":2190},"mean_auc_val":0.7951003481113167,"mean_acc_val":0.7867924528301887,"std_auc_test":0.03986694392571254,"_timestamp":1.7395337609294221e+09,"summary":{"path":"media/table/summary_1_781fcb8585f202068d53.table.json","ncols":5,"nrows":7,"_type":"table-file","sha256":"781fcb8585f202068d53699d0e9771951ace7dff9e4e38dcff1333e50f04b0fd","size":677,"artifact_path":"wandb-client-artifact://oaonvwayeq8ep9zqhavtsvygzpmywu3nebf7d5gmhm0b2wupj314hns3q93iok3526nb0gqkqmpkol9umy592jjo8onwljge8bw4n4f8wt4mlk839chmq3pfdiw66yf5/summary.table.json","_latest_artifact_path":"wandb-client-artifact://yojrqzscszgxehlbd1cg83gjkerf2lvir8z1w9asbnbj3arw6vsf6q8tw6alsth7vkvbb69t48zs6giadh7fnklun8g0i6azyhpshsnbt11j5iuql3kvljosq6wqu25k:latest/summary.table.json"},"mean_acc_test":0.8,"_runtime":2190.914583177,"mean_auc_test":0.8200265495702335,"_step":2}