{"_timestamp":1.739533663809701e+09,"mean_acc_test":0.7660377358490565,"_step":2,"mean_auc_test":0.7897830366221267,"std_auc_test":0.036996923943386634,"_wandb":{"runtime":2093},"summary":{"size":695,"artifact_path":"wandb-client-artifact://zd4m3nokgcp5rlz64f2r54lahcfxnwsb0h9t90fn8fdg1i29f4kcceeilmvsvb53xblkdq5yrmjmecop1u1qqibc5rkfizfal11o0hpfj9qefxgidugjzhhv0kopt35x/summary.table.json","_latest_artifact_path":"wandb-client-artifact://jisiimc0hf9bdvwxr3nelouv0iuz8emooasvt92hyaf56vb7g1709fk9q9fuauvown1x6rcz39lfoess70qyv1aniikhyz92xx107bhp7lbd92lk8afkikwt3i4dzjuv:latest/summary.table.json","path":"media/table/summary_1_aeda8ffe508bb4dc424f.table.json","ncols":5,"nrows":7,"_type":"table-file","sha256":"aeda8ffe508bb4dc424f6d812e2f5bc7a4813f85959c7b1f4a68794380dac81e"},"std_auc_val":0.05727007745285175,"_runtime":2093.624600226,"mean_auc_val":0.7914971214578408,"mean_acc_val":0.7754716981132076}