{"_timestamp":1.7395476015313375e+09,"mean_auc_val":0.7313561110449353,"mean_acc_test":0.8328840306677145,"_wandb":{"runtime":9362},"std_auc_test":0.0933662262225271,"_runtime":9362.881003169,"mean_acc_val":0.855432661821499,"mean_auc_test":0.6834793847634246,"summary":{"sha256":"e1e409732a83f3b593f778b3813ea954e4511cddc923f1bde6e0816a54098904","size":667,"artifact_path":"wandb-client-artifact://htkzwo2zv72vpv4bvoiogqtv6u06cjmxhwpmsfd7webqmge2wyauagpycq1vwewyjphn2fug3ncxasilk8c0eo4wg3zpvipjm93jt0fx0shqadtidl91m5r9z23zgb72/summary.table.json","_latest_artifact_path":"wandb-client-artifact://tg8xllhjc1ss2l94zku90rofesnynps344wfdc69l7bs3w3mo160caf3kvsfmv4bicqa3pmslrmt1gmk1ylfi8qz77liujt9qnr88vaz4736zpm0xtyxqq6ku6egk31b:latest/summary.table.json","path":"media/table/summary_1_e1e409732a83f3b593f7.table.json","ncols":5,"nrows":7,"_type":"table-file"},"_step":2,"std_auc_val":0.0782621864361842}