{"std_auc_val":0.039326758355957635,"_runtime":9422.86390186,"_wandb":{"runtime":9422},"mean_auc_val":0.9016604335389771,"_step":2,"mean_auc_test":0.8631312637158721,"mean_acc_val":0.8549468496795974,"mean_acc_test":0.8062405915542179,"summary":{"artifact_path":"wandb-client-artifact://k8yw4jbb2xdl8msqap7925q7ky6a3cphr1hv6t6d7ng7jh4oh4k701wa7owt58tnrz5ss8q37uks9dws6ty8o2e28vlklkezdf1wvuqq7avoo4374l1g1ekpil431o32/summary.table.json","_latest_artifact_path":"wandb-client-artifact://uzn3ja8a9ort8n4b5oquwnmozhab23ma2h7lw2urufj3eswqug5jf8agb9tl5yv74w24ric236179or77eubdi1xz5nl6q861hbv05bhhnz02f7omh6vusqir2z17qe7:latest/summary.table.json","path":"media/table/summary_1_f13ac0b10594dd5fcc38.table.json","ncols":5,"nrows":7,"_type":"table-file","sha256":"f13ac0b10594dd5fcc38de1f646ad2a2bc7d4a46af39314300d8e20032d89e6e","size":682},"std_auc_test":0.06252930939346457,"_timestamp":1.7395476438690703e+09}