{"_timestamp":1.7395336754089622e+09,"std_auc_val":0.018753712927721024,"_step":2,"_runtime":2139.985596975,"summary":{"ncols":5,"nrows":7,"_type":"table-file","sha256":"726f97a2c856d346e005f361893d364473736121663de8b76daaf91817f2de51","size":693,"artifact_path":"wandb-client-artifact://35sizhbkqa5566uc9h8bryxr0tzpyobpg7yb84cr6kj1wynal6mfeymh04gc3atgixj9kfx0wovmncqgzor1fp76cdch4py0z4bud2pcnx9cfnjdwk66dpjichptyopz/summary.table.json","_latest_artifact_path":"wandb-client-artifact://5f2qnia7ef6yx8cpwswvlesb42ipdqjna0vyiekjn6huw2u29zp4ydy2me3h4ahkdjc9kpxnjk4rt005wf5c6ees2pa5fw1g0agm4gkrv6cc4wk012tgia8r8222hz9k:latest/summary.table.json","path":"media/table/summary_1_726f97a2c856d346e005.table.json"},"std_auc_test":0.056333520153802774,"mean_auc_test":0.8957569408067052,"mean_acc_val":0.8433962264150944,"mean_auc_val":0.8895756940806706,"mean_acc_test":0.839622641509434,"_wandb":{"runtime":2139}}