{"mean_acc_val":0.8537114486153234,"mean_acc_test":0.8290990002555226,"mean_auc_test":0.7781145874111643,"_timestamp":1.7395451111066122e+09,"mean_auc_val":0.8189042826720435,"std_auc_val":0.0919632214965577,"std_auc_test":0.02094304311239851,"_step":2,"summary":{"ncols":5,"nrows":7,"_type":"table-file","sha256":"d98958e8def94ef1f3f649b357b17563a016d630b292a2ab5a39e1a57ce2e33c","size":679,"artifact_path":"wandb-client-artifact://50oe86soc1kbj14ew2kulydvt49w4mxodp59hkfvi6t87ccqptwsjqnml76catlzf9fqstknav3fuarmcpvbxwa34cubu2hb67pp6f9a7q5k9j19v3x2qkbj6s9wtp5r/summary.table.json","_latest_artifact_path":"wandb-client-artifact://jftxga4gj3z5cp46w4zp7a3dhzytrdmk4hm4row84imbttg8kr39kdg0194jird32mku659xf9kolmkai7izl869esgk69wks7wfabb00tt0o9eiz37eekw8p428lao7:latest/summary.table.json","path":"media/table/summary_1_d98958e8def94ef1f3f6.table.json"},"_wandb":{"runtime":6872},"_runtime":6872.417559193}