{"std_auc_test":0.01319328271764369,"mean_acc_test":0.8037735849056602,"_timestamp":1.7395355537545586e+09,"std_auc_val":0.037693091770970535,"_runtime":3983.943580507,"mean_auc_test":0.8266760305420947,"summary":{"_latest_artifact_path":"wandb-client-artifact://sboktalvwaevjjqju5nx4e8h4nhimg41wo0h38mjvdg8g1pgyy7tk5ts7urhtbkr80mmw23pbhwdnu4zel44y379hydbswv9i67vm27slw4vsmyi1ec2mh0ckp7ezq8q:latest/summary.table.json","path":"media/table/summary_1_f91d5525768c4a251dc2.table.json","ncols":5,"nrows":7,"_type":"table-file","sha256":"f91d5525768c4a251dc27145ae4a76defe9b457df843cb49e41e870240fc5384","size":696,"artifact_path":"wandb-client-artifact://aqqqxkf36a7hhzi94boq3ikf6omwdct00wn3h5sbl6vowe11kw13iess2p04tnv3we1whbj5l4gq5ybtlsn6uzk75s35r667jafol0fmqycr4zysds4os09gwfbzok8h/summary.table.json"},"_wandb":{"runtime":3983},"mean_acc_val":0.8132075471698114,"mean_auc_val":0.8134812124316495,"_step":2}