{"mean_acc_test":0.7964418804454507,"_timestamp":1.7397080913236756e+09,"std_auc_val":0.09052855778289172,"_step":2,"mean_auc_test":0.709423414621534,"mean_acc_val":0.8289550650822332,"_wandb":{"runtime":6665},"_runtime":6665.46997509,"summary":{"_latest_artifact_path":"wandb-client-artifact://rop4jxmphdujwt5c3tbsjt80b7fqcipobtj3atcdpenvqaoehxlh7da4tozwh09seyqdogh0iscp1bcj4pcr0alrschyuy6prmg7u2vy7qlz9b3c34v9zn8p3we8eszh:latest/summary.table.json","path":"media/table/summary_1_657e7e7cdada188943d4.table.json","ncols":5,"nrows":7,"_type":"table-file","sha256":"657e7e7cdada188943d435ca0756bb02a131bd08cc05fff14288c18d1b406fb3","size":682,"artifact_path":"wandb-client-artifact://s0elabvcyht3ny28i2c8snc98wr3r67lblsv93ccf2zvtrt7pdxkhao2wsdlrmayopeoc8q49iom4pgf9mofhna3o1ub8znj2rues2gr4sp6vu9tul1flsgazdzxc4au/summary.table.json"},"std_auc_test":0.07161926000995338,"mean_auc_val":0.7728023493378707}