{"_step":2,"mean_auc_test":0.7196455107254782,"mean_acc_val":0.7528301886792452,"mean_acc_test":0.7377358490566038,"_timestamp":1.7395322281528575e+09,"std_auc_test":0.055760494889360766,"mean_auc_val":0.7787860788863268,"_wandb":{"runtime":2721},"std_auc_val":0.03944416529891441,"_runtime":2721.996712138,"summary":{"nrows":7,"_type":"table-file","sha256":"7c44bb81c3c8265e8f931e6161c4e568024614b3bc833a16ad855cf5efed9e96","size":698,"artifact_path":"wandb-client-artifact://mqrun37otpkxojcknfcv0zm0cqdgzvlmn0gyj9uuq8bggbbhvwg5b44618wiwa3a1vkwnjyj67k8lapyvwge3pl4e6hme1xam23bq9sv7yawo53d8j9xyt20dtoac12e/summary.table.json","_latest_artifact_path":"wandb-client-artifact://um3xucy9zpsaa54m2myzrhaq5ls78g7gvazewipzs94uvvc4d71n6qh4qji54no8xm4fs05yumxaprmeymsslng3nluoscor2y7eishldeb3uo6cdo38oslo1opxwc08:latest/summary.table.json","path":"media/table/summary_1_7c44bb81c3c8265e8f93.table.json","ncols":5}}